timestamp,source,text,sentiment_score,keywords,url
2025-07-12 17:01:22,reddit/r/CryptoCurrency,"Daily Crypto Discussion - July 12, 2025 (GMT+0) **Welcome to the Daily Crypto Discussion thread. Please read the disclaimer and rules before participating.**

 

# Disclaimer:

Consider all information posted here with several liberal heaps of salt",0.2,"[""crypto""]",https://reddit.com/r/CryptoCurrency/comments/1ly2jsa/daily_crypto_discussion_july_12_2025_gmt0/
2025-06-30 23:47:58,reddit/r/CryptoCurrency,katana mainnet is here - AMA questions answered on July 7 This post contains content not supported on old Reddit. [Click here to view the full post](https://sh.reddit.com/r/CryptoCurrency/comments/1lokaoj),0.22499999999999998,"[""crypto""]",https://reddit.com/r/CryptoCurrency/comments/1lokaoj/katana_mainnet_is_here_ama_questions_answered_on/
2025-07-13 08:41:43,reddit/r/CryptoCurrency,"Buy Bitcoin Sign 8 Years Ago Today. Pretty iconic, I remember the day well. And that guy sold it for 16 bitcoins last year so a very lucrative close to 1.9M bucks for a A4 sheet with a magic marker scribble if still hodling that 16 bitc",0.29,"[""bitcoin"", ""hodl"", ""sol""]",https://reddit.com/r/CryptoCurrency/comments/1lym68k/buy_bitcoin_sign_8_years_ago_today/
2025-07-12 20:57:26,reddit/r/CryptoCurrency,Solana 2 Months Ago vs Solana Now Source: [https://x.com/naiivememe/status/1943636982845817094](https://x.com/naiivememe/status/1943636982845817094),-0.75,"[""solana"", ""sol""]",https://reddit.com/r/CryptoCurrency/comments/1ly85e4/solana_2_months_ago_vs_solana_now/
2025-07-13 08:05:47,reddit/r/CryptoCurrency,Bitcoin retail interest ‘almost nowhere to be found’ as BTC taps highs ,0.0,"[""bitcoin"", ""btc""]",https://reddit.com/r/CryptoCurrency/comments/1lylm40/bitcoin_retail_interest_almost_nowhere_to_be/
2025-07-13 03:21:42,reddit/r/CryptoCurrency,High-leverage trader James Wynn deactivates X account ,0.0,,https://reddit.com/r/CryptoCurrency/comments/1lyghxa/highleverage_trader_james_wynn_deactivates_x/
2025-07-13 11:37:08,reddit/r/CryptoCurrency,Bitwise Predicts $200K Bitcoin by Year-End—BTC Rally ‘Has a Long Way to Go’ ,-0.05,"[""bitcoin"", ""btc""]",https://reddit.com/r/CryptoCurrency/comments/1lyosqk/bitwise_predicts_200k_bitcoin_by_yearendbtc_rally/
2025-07-13 10:18:38,reddit/r/CryptoCurrency,Pumpfun raises $500 million in 12 minutes through PUMP ICO ,0.0,"[""pump""]",https://reddit.com/r/CryptoCurrency/comments/1lynnu9/pumpfun_raises_500_million_in_12_minutes_through/
2025-07-13 10:16:44,reddit/r/CryptoCurrency,Bitcoin headed for 36 more public companies by year-end: Blockware ,0.25,"[""bitcoin""]",https://reddit.com/r/CryptoCurrency/comments/1lynmut/bitcoin_headed_for_36_more_public_companies_by/
2025-07-12 21:29:12,reddit/r/CryptoCurrency,How a teen stole $243M in Bitcoin and revealed his identity on livestream ,0.0,"[""bitcoin""]",https://reddit.com/r/CryptoCurrency/comments/1ly8wl5/how_a_teen_stole_243m_in_bitcoin_and_revealed_his/
2025-07-13 13:51:59,reddit/r/CryptoCurrency,"Crypto Hacker Who Drained $42,000,000 From GMX Goes White Hat, Returns Funds in Exchange for $5,000,000 Bounty - The Daily Hodl ",0.0,"[""crypto"", ""hodl""]",https://reddit.com/r/CryptoCurrency/comments/1lyqxhl/crypto_hacker_who_drained_42000000_from_gmx_goes/
2025-07-12 23:16:05,reddit/r/CryptoCurrency,Altcoin season hopes get a jolt as bullish trend spotted on Binance ,0.0,"[""bull"", ""altcoin""]",https://reddit.com/r/CryptoCurrency/comments/1lybcsx/altcoin_season_hopes_get_a_jolt_as_bullish_trend/
2025-07-12 21:21:47,reddit/r/CryptoCurrency,I got the feeling alt season is upon us. Just looking at some of the 2w charts of many mid/low caps that are top gainers at coingecko and they are looking like they are ready to take off possibly in a big way.  Just speculation but many alts,0.33999999999999997,,https://reddit.com/r/CryptoCurrency/comments/1ly8qdm/i_got_the_feeling_alt_season_is_upon_us/
2025-07-12 18:54:29,reddit/r/CryptoCurrency,"Crypto.com hasn't released an audited financial statement since 2022. The proof-of-reserves report from 2022 was even distanced by its auditing firm, Mazars It's important to reiterate, as the Mazars report itself states, that this was an ""Agreed-Upon Procedures engagement"" and not a full financial audit (i.e., it didn't express an opinion or assurance co",0.0050000000000000044,"[""crypto""]",https://reddit.com/r/CryptoCurrency/comments/1ly57kb/cryptocom_hasnt_released_an_audited_financial/
2025-07-12 21:52:31,reddit/r/CryptoCurrency,"Ethereum ETFs hit record weekly inflows of $907M * Ethereum ETFs saw record weekly inflows of $907.99 M, their best week since launching in July 2024.
* The largest daily inflow was on July 10, with $383.10 M, supported by two other strong days on J",0.32708333333333334,"[""ethereum"", ""eth""]",https://reddit.com/r/CryptoCurrency/comments/1ly9fkr/ethereum_etfs_hit_record_weekly_inflows_of_907m/
2025-07-13 03:09:07,reddit/r/CryptoCurrency,"I need to understand. At what point does BTC become a rich man’s game and retail gets locked out again?

I’ve been thinking about this a lot lately and I’m genuinely confused. Wasn’t Bitcoin originally created to help the ",-0.07000000000000002,"[""bitcoin"", ""btc""]",https://reddit.com/r/CryptoCurrency/comments/1lyg8wj/i_need_to_understand/
2025-07-12 18:07:41,reddit/r/CryptoCurrency,Throwback to the time ZachXBT a crypto scam investigator accused crypto.com of scamming CRO holders which resulted in him getting blocked by their CEO. ,0.0,"[""crypto""]",https://reddit.com/r/CryptoCurrency/comments/1ly447i/throwback_to_the_time_zachxbt_a_crypto_scam/
2025-07-12 17:16:34,reddit/r/CryptoCurrency,Bitcoin's Is Now Bigger Than Google and Silver: Amazon Targeted Next ,0.0,"[""bitcoin""]",https://reddit.com/r/CryptoCurrency/comments/1ly2wms/bitcoins_is_now_bigger_than_google_and_silver/
2025-07-13 11:16:58,reddit/r/CryptoCurrency,"The Partnership That Never Was: LINE denies partnership with PARAMETA and ICON ($ICX), now known as SODAX ($SODA) Disclaimer: I was the lead comms specialist for ICON Foundation for a few years since starting early 2018. However, I did not realize nor was I aware of any of the things during my tenure there. **[Yo",0.0375,,https://reddit.com/r/CryptoCurrency/comments/1lyoibj/the_partnership_that_never_was_line_denies/
2025-07-12 12:08:59,reddit/r/CryptoCurrency,"$2.42B in shorts were liquidated on July 10, the largest daily wipeout in 4 years as BTC surged past $118K to a new all-time high ",0.01159090909090909,"[""btc""]",https://reddit.com/r/CryptoCurrency/comments/1lxwxos/242b_in_shorts_were_liquidated_on_july_10_the/
2025-07-13 12:16:49,reddit/r/CryptoCurrency,Bitcoin Dominance Hits 64.58% As Altcoins Face Speculative Future ,0.0,"[""bitcoin"", ""altcoin""]",https://reddit.com/r/CryptoCurrency/comments/1lypeb5/bitcoin_dominance_hits_6458_as_altcoins_face/
2025-07-12 19:15:05,reddit/r/CryptoCurrency,"Algorand DeFi Volumes up by 1,268% and Stablecoins up by 43% in 7 Days - a2z Cryptocurrencies ",0.0,"[""crypto"", ""defi""]",https://reddit.com/r/CryptoCurrency/comments/1ly5p75/algorand_defi_volumes_up_by_1268_and_stablecoins/
2025-07-12 20:17:48,reddit/r/CryptoCurrency,Binance Founder CZ Threatens To Sue Bloomberg For Defamation ,0.0,,https://reddit.com/r/CryptoCurrency/comments/1ly77nz/binance_founder_cz_threatens_to_sue_bloomberg_for/
2025-07-12 18:33:24,reddit/r/CryptoCurrency,"Sharplink Gaming has acquired 21,487 ETH through Galaxy Digital and Coinbase Prime for $64 Million Sharplink Gaming, a gaming company turned Ethereum treasury, has acquired 21,487 ETH worth $64.24 million through OTC deals with Galaxy Digital and Coinbase Prime. This purchase brings Sharplink's tot",0.09999999999999999,"[""ethereum"", ""eth""]",https://reddit.com/r/CryptoCurrency/comments/1ly4pzh/sharplink_gaming_has_acquired_21487_eth_through/
2025-07-13 03:27:14,reddit/r/CryptoCurrency,Coinbase CEO Calls the Bomb Squad for a Surprising Gift ,0.7,,https://reddit.com/r/CryptoCurrency/comments/1lyglre/coinbase_ceo_calls_the_bomb_squad_for_a/
